,feature,median_value
0,ABC,21.22978246
1,ABCGG,16.55071908
2,nAcid,0.0
3,nBase,1.0
4,SpAbs_A,35.2067757
5,SpMax_A,2.461490352
6,SpDiam_A,4.858394143
7,SpAD_A,35.2067757
8,SpMAD_A,1.295715656
9,LogEE_A,4.236778694
10,VE1_A,4.225860733
11,VE2_A,0.156667255
12,VE3_A,2.437879614
13,VR1_A,344.1014515
14,VR2_A,12.1508938
15,VR3_A,6.8762479915
16,nAromAtom,15.0
17,nAromBond,16.0
18,nAtom,50.0
19,nHeavyAtom,27.0
20,nSpiro,0.0
21,nBridgehead,0.0
22,nHetero,7.0
23,nH,23.0
24,nB,0.0
25,nC,20.0
26,nN,3.0
27,nO,2.0
28,nS,0.0
29,nP,0.0
30,nF,0.0
31,nCl,0.0
32,nBr,0.0
33,nI,0.0
34,nX,0.0
35,ATS0dv,362.4444444
36,ATS1dv,360.1111111
37,ATS2dv,524.0
38,ATS3dv,507.0
39,ATS4dv,466.0
40,ATS5dv,421.0
41,ATS6dv,376.6666667
42,ATS7dv,326.0
43,ATS8dv,275.3333333
44,ATS0d,167.0
45,ATS1d,212.0
46,ATS2d,339.0
47,ATS3d,381.0
48,ATS4d,373.0
49,ATS5d,348.0
50,ATS6d,324.0
51,ATS7d,293.0
52,ATS8d,256.0
53,ATS0s,207.6060528
54,ATS1s,157.3539095
55,ATS2s,277.75
56,ATS3s,340.9027778
57,ATS4s,374.4444444
58,ATS5s,355.22839505
59,ATS6s,333.11574075
60,ATS7s,305.9061214
61,ATS8s,273.6234568
62,ATS0Z,1284.0
63,ATS1Z,1387.0
64,ATS2Z,2053.0
65,ATS3Z,2258.0
66,ATS4Z,2178.0
67,ATS5Z,2020.0
68,ATS6Z,1879.0
69,ATS7Z,1697.0
70,ATS8Z,1480.0
71,ATS0m,5117.498859
72,ATS1m,5278.702379
73,ATS2m,7715.3466805
74,ATS3m,8251.0577715
75,ATS4m,7776.729059499999
76,ATS5m,7195.51658
77,ATS6m,6677.1940885
78,ATS7m,5986.0471875
79,ATS8m,5186.141938000001
80,ATS0v,11066.58438
81,ATS1v,14052.87385
82,ATS2v,20757.049675
83,ATS3v,23403.773175
84,ATS4v,22790.32176
85,ATS5v,21583.439335000003
86,ATS6v,20185.72099
87,ATS7v,18306.42937
88,ATS8v,16033.844635
89,ATS0se,388.043508
90,ATS1se,413.277808
91,ATS2se,727.268746
92,ATS3se,946.199036
93,ATS4se,1023.619518
94,ATS5se,980.875372
95,ATS6se,924.819202
96,ATS7se,860.2842860000001
97,ATS8se,777.68734
98,ATS0pe,315.0082
99,ATS1pe,345.6771
100,ATS2pe,599.6328
101,ATS3pe,769.41955
102,ATS4pe,825.7613
103,ATS5pe,789.7835
104,ATS6pe,744.9851
105,ATS7pe,690.96935
106,ATS8pe,623.6301
107,ATS0are,311.3634
108,ATS1are,337.981
109,ATS2are,589.458
110,ATS3are,757.9728
111,ATS4are,814.8118
112,ATS5are,779.399
113,ATS6are,734.8094000000001
114,ATS7are,681.92085
115,ATS8are,615.3935
116,ATS0p,77.1569151
117,ATS1p,97.253662495
118,ATS2p,147.5304074
119,ATS3p,172.1330364
120,ATS4p,170.7446883
121,ATS5p,162.10929955
122,ATS6p,152.62516134999998
123,ATS7p,140.0367689
124,ATS8p,124.07467065
125,ATS0i,8264.456762
126,ATS1i,7837.290772
127,ATS2i,14567.131255
128,ATS3i,19574.083645
129,ATS4i,21509.55407
130,ATS5i,20790.948935
131,ATS6i,19602.02288
132,ATS7i,18332.87652
133,ATS8i,16704.495990000003
134,AATS0dv,7.250253474
135,AATS1dv,6.773558368
136,AATS2dv,5.591836735
137,AATS3dv,4.126811594
138,AATS4dv,3.529824561
139,AATS5dv,3.46039604
140,AATS6dv,3.318007663
141,AATS7dv,3.056106509
142,AATS8dv,2.835164835
143,AATS0d,3.325581395
144,AATS1d,4.0
145,AATS2d,3.636363636
146,AATS3d,3.110294118
147,AATS4d,2.788617886
148,AATS5d,2.71559633
149,AATS6d,2.694656489
150,AATS7d,2.605042017
151,AATS8d,2.522522523
152,AATS0s,4.100472813
153,AATS1s,3.000534188
154,AATS2s,2.977051561
155,AATS3s,2.8278430735
156,AATS4s,2.822782084
157,AATS5s,2.811177249
158,AATS6s,2.809887061
159,AATS7s,2.759859396
160,AATS8s,2.707729469
161,AATS0Z,24.73015873
162,AATS1Z,25.90909091
163,AATS2Z,22.00628931
164,AATS3Z,18.48333333
165,AATS4Z,16.4516129
166,AATS5Z,16.19587629
167,AATS6Z,16.03389831
168,AATS7Z,15.461351755
169,AATS8Z,14.85869565
170,AATS0m,98.189468095
171,AATS1m,98.77113025
172,AATS2m,82.48518050999999
173,AATS3m,67.318406995
174,AATS4m,58.773945735
175,AATS5m,57.861795595
176,AATS6m,56.97088702
177,AATS7m,54.63402766
178,AATS8m,52.19596718
179,AATS0v,220.8576555
180,AATS1v,265.7648571
181,AATS2v,223.110723
182,AATS3v,192.3483226
183,AATS4v,172.1801578
184,AATS5v,168.80080299999997
185,AATS6v,168.7861525
186,AATS7v,164.5370854
187,AATS8v,160.0326626
188,AATS0se,7.698493524
189,AATS1se,7.788018
190,AATS2se,7.754794746
191,AATS3se,7.690817137
192,AATS4se,7.6763887185
193,AATS5se,7.658880509
194,AATS6se,7.649434874500001
195,AATS7se,7.631224636
196,AATS8se,7.5966671155
197,AATS0pe,6.25083908
198,AATS1pe,6.519682
199,AATS2pe,6.392691142
200,AATS3pe,6.2589357245
201,AATS4pe,6.201484762
202,AATS5pe,6.177338414499999
203,AATS6pe,6.164558349
204,AATS7pe,6.137099703
205,AATS8pe,6.0865625
206,AATS0are,6.167282121
207,AATS1are,6.369958492
208,AATS2are,6.279173228
209,AATS3are,6.1580213405
210,AATS4are,6.1162331805
211,AATS5are,6.0928843530000005
212,AATS6are,6.0795
213,AATS7are,6.049376786
214,AATS8are,6.000819076
215,AATS0p,1.520062059
216,AATS1p,1.829244743
217,AATS2p,1.575752154
218,AATS3p,1.403468143
219,AATS4p,1.281245029
220,AATS5p,1.255550669
221,AATS6p,1.259411768
222,AATS7p,1.237168282
223,AATS8p,1.218028582
224,AATS0i,163.4275792
225,AATS1i,147.511262
226,AATS2i,155.06683944999995
227,AATS3i,158.75142745
228,AATS4i,161.75949065
229,AATS5i,162.58263449999998
230,AATS6i,162.344921
231,AATS7i,162.9020148
232,AATS8i,163.2917385
233,ATSC0c,1.009019275
234,ATSC1c,-0.517549001
235,ATSC2c,0.094891839
236,ATSC3c,0.108307768
237,ATSC4c,-0.032955604
238,ATSC5c,-0.036827807
239,ATSC6c,0.008889633
240,ATSC7c,-0.038969344
241,ATSC8c,-0.017258437
242,ATSC0dv,188.4179104
243,ATSC1dv,58.382643
244,ATSC2dv,33.30795848
245,ATSC3dv,-14.68241966
246,ATSC4dv,-26.68698061
247,ATSC5dv,-18.37037037
248,ATSC6dv,-25.83471074
249,ATSC7dv,-24.94471985
250,ATSC8dv,-16.95111111
251,ATSC0d,30.31111111
252,ATSC1d,10.75
253,ATSC2d,-1.625573921
254,ATSC3d,-5.612188366
255,ATSC4d,-4.493164063
256,ATSC5d,-2.351111111
257,ATSC6d,-3.311111111
258,ATSC7d,-2.795918367
259,ATSC8d,-2.302154195
260,ATSC0s,68.29189245
261,ATSC1s,-3.5890238145
262,ATSC2s,8.5815026775
263,ATSC3s,-0.472729335
264,ATSC4s,-4.3993350805
265,ATSC5s,-3.216946474
266,ATSC6s,-3.765089163
267,ATSC7s,-4.547543806
268,ATSC8s,-2.640855768
269,ATSC0Z,449.3333333
270,ATSC1Z,20.40663726
271,ATSC2Z,41.07266436
272,ATSC3Z,-40.6156632
273,ATSC4Z,-49.8549346
274,ATSC5Z,-13.22145329
275,ATSC6Z,-36.95155709
276,ATSC7Z,-36.55555556
277,ATSC8Z,-25.84
278,ATSC0m,2113.439271
279,ATSC1m,96.357359205
280,ATSC2m,195.2869022
281,ATSC3m,-192.0076271
282,ATSC4m,-234.73948785
283,ATSC5m,-61.0390233
284,ATSC6m,-176.0403585
285,ATSC7m,-171.9512047
286,ATSC8m,-123.4631983
287,ATSC0v,2516.997229
288,ATSC1v,53.96206068
289,ATSC2v,96.63626776
290,ATSC3v,-289.7969671
291,ATSC4v,-303.2528409
292,ATSC5v,-42.77471644
293,ATSC6v,-219.5169074
294,ATSC7v,-173.6854749
295,ATSC8v,-150.6306429
296,ATSC0se,3.615651308
297,ATSC1se,-0.1171078714999999
298,ATSC2se,0.4253739865
299,ATSC3se,-0.23953675
300,ATSC4se,-0.3482819565
301,ATSC5se,-0.1735666
302,ATSC6se,-0.1949298314999999
303,ATSC7se,-0.238647017
304,ATSC8se,-0.15894823
305,ATSC0pe,5.66968125
306,ATSC1pe,-0.0329236085
307,ATSC2pe,0.737707851
308,ATSC3pe,-0.352059491
309,ATSC4pe,-0.567309816
310,ATSC5pe,-0.236853114
311,ATSC6pe,-0.354122766
312,ATSC7pe,-0.43543725
313,ATSC8pe,-0.278124814
314,ATSC0are,5.948917241
315,ATSC1are,-0.14709375
316,ATSC2are,0.7813125
317,ATSC3are,-0.355952552
318,ATSC4are,-0.576326627
319,ATSC5are,-0.2846585405
320,ATSC6are,-0.350908172
321,ATSC7are,-0.437395941
322,ATSC8are,-0.288280125
323,ATSC0p,12.55533008
324,ATSC1p,-0.17511859
325,ATSC2p,0.538657131
326,ATSC3p,-1.502741233
327,ATSC4p,-1.498738937
328,ATSC5p,-0.205703459
329,ATSC6p,-0.9008733655
330,ATSC7p,-0.697334554
331,ATSC8p,-0.592999573
332,ATSC0i,81.39789937
333,ATSC1i,-7.824654691999999
334,ATSC2i,1.346142384
335,ATSC3i,-9.437251232
336,ATSC4i,-9.927723926
337,ATSC5i,-2.951409634
338,ATSC6i,-3.9236293965
339,ATSC7i,-3.1906358625
340,ATSC8i,-2.041883095
341,AATSC0c,0.019972639
342,AATSC1c,-0.009949491
343,AATSC2c,0.00104432
344,AATSC3c,0.000870168
345,AATSC4c,-0.000259209
346,AATSC5c,-0.000292903
347,AATSC6c,8.45e-05
348,AATSC7c,-0.000385261
349,AATSC8c,-0.0002135545
350,AATSC0dv,3.784595925
351,AATSC1dv,1.076377446
352,AATSC2dv,0.341567687
353,AATSC3dv,-0.123332998
354,AATSC4dv,-0.204527306
355,AATSC5dv,-0.152704811
356,AATSC6dv,-0.219106012
357,AATSC7dv,-0.2257536525
358,AATSC8dv,-0.175324827
359,AATSC0d,0.603082049
360,AATSC1d,0.196475472
361,AATSC2d,-0.018249354
362,AATSC3d,-0.047619048
363,AATSC4d,-0.035476412
364,AATSC5d,-0.018312348
365,AATSC6d,-0.027361418
366,AATSC7d,-0.025038567
367,AATSC8d,-0.021843664
368,AATSC0s,1.327446992
369,AATSC1s,-0.070009857
370,AATSC2s,0.091007088
371,AATSC3s,-0.0040375685
372,AATSC4s,-0.037316
373,AATSC5s,-0.026709278
374,AATSC6s,-0.033958274
375,AATSC7s,-0.045035863
376,AATSC8s,-0.030409455
377,AATSC0Z,7.903739612
378,AATSC1Z,0.375
379,AATSC2Z,0.430839002
380,AATSC3Z,-0.322962752
381,AATSC4Z,-0.369473795
382,AATSC5Z,-0.104530701
383,AATSC6Z,-0.299713492
384,AATSC7Z,-0.306357253
385,AATSC8Z,-0.260183133
386,AATSC0m,37.82257602
387,AATSC1m,1.773636954
388,AATSC2m,2.072582168
389,AATSC3m,-1.540784199
390,AATSC4m,-1.7442969585
391,AATSC5m,-0.470595144
392,AATSC6m,-1.419485355
393,AATSC7m,-1.45076476
394,AATSC8m,-1.233897805
395,AATSC0v,49.96875342
396,AATSC1v,1.013847624
397,AATSC2v,1.066958029
398,AATSC3v,-2.375526076
399,AATSC4v,-2.410068511
400,AATSC5v,-0.342307402
401,AATSC6v,-1.8606045615
402,AATSC7v,-1.638300768
403,AATSC8v,-1.4768651545
404,AATSC0se,0.072146854
405,AATSC1se,-0.0022974185
406,AATSC2se,0.004753354
407,AATSC3se,-0.001896331
408,AATSC4se,-0.0027694349999999
409,AATSC5se,-0.001411675
410,AATSC6se,-0.001648106
411,AATSC7se,-0.002337124
412,AATSC8se,-0.0017423635
413,AATSC0pe,0.112719876
414,AATSC1pe,-0.000637588
415,AATSC2pe,0.008279046
416,AATSC3pe,-0.0028860045
417,AATSC4pe,-0.004595896
418,AATSC5pe,-0.001918361
419,AATSC6pe,-0.0029815255
420,AATSC7pe,-0.004255364
421,AATSC8pe,-0.00291112
422,AATSC0are,0.117881958
423,AATSC1are,-0.002835265
424,AATSC2are,0.008753521
425,AATSC3are,-0.002951296
426,AATSC4are,-0.004616856
427,AATSC5are,-0.0022842845
428,AATSC6are,-0.00300151
429,AATSC7are,-0.004295919
430,AATSC8are,-0.0030960785
431,AATSC0p,0.235401105
432,AATSC1p,-0.003151721
433,AATSC2p,0.0057826175
434,AATSC3p,-0.011674966
435,AATSC4p,-0.011355782
436,AATSC5p,-0.0014519975
437,AATSC6p,-0.0075635484999999
438,AATSC7p,-0.006340914
439,AATSC8p,-0.005573665
440,AATSC0i,1.548411692
441,AATSC1i,-0.142716885
442,AATSC2i,0.0154175225
443,AATSC3i,-0.079515563
444,AATSC4i,-0.071786059
445,AATSC5i,-0.0233839559999999
446,AATSC6i,-0.0354129995
447,AATSC7i,-0.028134083
448,AATSC8i,-0.022200462
449,MATS1c,-0.5004157
450,MATS2c,0.054961025
451,MATS3c,0.046399107
452,MATS4c,-0.014418705
453,MATS5c,-0.016480233
454,MATS6c,0.004802943
455,MATS7c,-0.0217915915
456,MATS8c,-0.011889133
457,MATS1dv,0.292781924
458,MATS2dv,0.091732008
459,MATS3dv,-0.033624857
460,MATS4dv,-0.056099015
461,MATS5dv,-0.041870936
462,MATS6dv,-0.0605383
463,MATS7dv,-0.0611971825
464,MATS8dv,-0.04915042
465,MATS1d,0.328989427
466,MATS2d,-0.030671257
467,MATS3d,-0.08021849
468,MATS4d,-0.059658043
469,MATS5d,-0.030785827
470,MATS6d,-0.046066042
471,MATS7d,-0.042067834
472,MATS8d,-0.036980181
473,MATS1s,-0.054991097
474,MATS2s,0.0881963
475,MATS3s,-0.004240118
476,MATS4s,-0.039186353
477,MATS5s,-0.029064094
478,MATS6s,-0.037293259
479,MATS7s,-0.047640233
480,MATS8s,-0.033789827
481,MATS1Z,0.047060548
482,MATS2Z,0.044161821
483,MATS3Z,-0.036912255
484,MATS4Z,-0.041941282
485,MATS5Z,-0.011822569
486,MATS6Z,-0.03485537
487,MATS7Z,-0.035777245
488,MATS8Z,-0.029968338
489,MATS1m,0.046936027
490,MATS2m,0.044359586
491,MATS3m,-0.0369177015
492,MATS4m,-0.0417282515
493,MATS5m,-0.0112379125
494,MATS6m,-0.034549996
495,MATS7m,-0.035623263
496,MATS8m,-0.0301182275
497,MATS1v,0.0202863135
498,MATS2v,0.021239738
499,MATS3v,-0.047834338
500,MATS4v,-0.0486695385
501,MATS5v,-0.006953999
502,MATS6v,-0.0376029145
503,MATS7v,-0.032919761
504,MATS8v,-0.0298830709999999
505,MATS1se,-0.034345762
506,MATS2se,0.074457732
507,MATS3se,-0.0307871615
508,MATS4se,-0.043695912
509,MATS5se,-0.02266017
510,MATS6se,-0.0265251685
511,MATS7se,-0.036981677
512,MATS8se,-0.0279069934999999
513,MATS1pe,-0.0056749085
514,MATS2pe,0.0760669055
515,MATS3pe,-0.026160522
516,MATS4pe,-0.0424646935
517,MATS5pe,-0.0184471915
518,MATS6pe,-0.0281902115
519,MATS7pe,-0.03997181
520,MATS8pe,-0.028311061
521,MATS1are,-0.0237394
522,MATS2are,0.078268592
523,MATS3are,-0.0262003975
524,MATS4are,-0.04262441
525,MATS5are,-0.02163829
526,MATS6are,-0.027466422
527,MATS7are,-0.040016273
528,MATS8are,-0.029116847
529,MATS1p,-0.012959085
530,MATS2p,0.023655801
531,MATS3p,-0.047540046
532,MATS4p,-0.046087923
533,MATS5p,-0.005997271
534,MATS6p,-0.030372619
535,MATS7p,-0.026006958
536,MATS8p,-0.023013736
537,MATS1i,-0.0842524425
538,MATS2i,0.009499223
539,MATS3i,-0.0487885625
540,MATS4i,-0.044291932
541,MATS5i,-0.0146167555
542,MATS6i,-0.0214528885
543,MATS7i,-0.017541037
544,MATS8i,-0.0140489105
545,GATS1c,1.546227527
546,GATS2c,1.016017625
547,GATS3c,1.020967191
548,GATS4c,1.041821398
549,GATS5c,1.019804687
550,GATS6c,0.992320098
551,GATS7c,1.010727546
552,GATS8c,0.964281105
553,GATS1dv,0.538690082
554,GATS2dv,0.865917123
555,GATS3dv,1.00999979
556,GATS4dv,1.059167243
557,GATS5dv,1.04707016
558,GATS6dv,1.048532926
559,GATS7dv,1.049382716
560,GATS8dv,1.029704377
561,GATS1d,0.823210132
562,GATS2d,1.245107323
563,GATS3d,1.172681101
564,GATS4d,1.073474801
565,GATS5d,1.025568862
566,GATS6d,1.027852235
567,GATS7d,1.0083918235
568,GATS8d,0.984251462
569,GATS1s,0.671819616
570,GATS2s,0.5686675935000001
571,GATS3s,0.861797154
572,GATS4s,1.0338222455
573,GATS5s,1.050966174
574,GATS6s,1.037365914
575,GATS7s,1.045558449
576,GATS8s,1.027316191
577,GATS1Z,0.774083238
578,GATS2Z,0.832924667
579,GATS3Z,0.979213704
580,GATS4Z,1.007563075
581,GATS5Z,0.978896331
582,GATS6Z,1.002230163
583,GATS7Z,1.016791192
584,GATS8Z,1.015999041
585,GATS1m,0.7735722465
586,GATS2m,0.8322636649999999
587,GATS3m,0.979625804
588,GATS4m,1.006463818
589,GATS5m,0.97767294
590,GATS6m,1.00173458
591,GATS7m,1.016416298
592,GATS8m,1.0165206475
593,GATS1v,0.9648839195
594,GATS2v,0.935078727
595,GATS3v,1.0200476845000002
596,GATS4v,1.0153091415
597,GATS5v,0.9760056565
598,GATS6v,1.010011441
599,GATS7v,1.008795038
600,GATS8v,1.014626692
601,GATS1se,0.7842932570000001
602,GATS2se,0.7803659995000001
603,GATS3se,0.966670868
604,GATS4se,1.0453059255
605,GATS5se,1.013938294
606,GATS6se,1.006370049
607,GATS7se,1.015649837
608,GATS8se,0.9927113345
609,GATS1pe,0.7527234905
610,GATS2pe,0.785840276
611,GATS3pe,0.963866152
612,GATS4pe,1.036453627
613,GATS5pe,1.010483427
614,GATS6pe,1.0120507055
615,GATS7pe,1.023990193
616,GATS8pe,1.0021660625
617,GATS1are,0.786320599
618,GATS2are,0.7977021035
619,GATS3are,0.96976836
620,GATS4are,1.0460788565
621,GATS5are,1.020778808
622,GATS6are,1.014842361
623,GATS7are,1.022342077
624,GATS8are,0.99702247
625,GATS1p,1.0753477475
626,GATS2p,0.968112368
627,GATS3p,1.0361317525
628,GATS4p,1.014406805
629,GATS5p,0.970195103
630,GATS6p,0.996253163
631,GATS7p,0.992948947
632,GATS8p,0.9986901495
633,GATS1i,1.256048698
634,GATS2i,1.080096138
635,GATS3i,1.0732601595
636,GATS4i,1.0266109645
637,GATS5i,0.981701168
638,GATS6i,0.993767202
639,GATS7i,0.979554867
640,GATS8i,0.966372723
641,BCUTc-1h,0.457930727
642,BCUTc-1l,-0.45380865
643,BCUTdv-1h,6.023060949
644,BCUTdv-1l,0.98718129
645,BCUTd-1h,3.274532187
646,BCUTd-1l,0.977776131
647,BCUTs-1h,7.008817592
648,BCUTs-1l,1.174275486
649,BCUTZ-1h,9.005360677
650,BCUTZ-1l,5.689239123
651,BCUTm-1h,19.001215995000003
652,BCUTm-1l,11.70136125
653,BCUTv-1h,20.924971335
654,BCUTv-1l,14.70177214
655,BCUTse-1h,3.7063208585
656,BCUTse-1l,2.433495248
657,BCUTpe-1h,3.493879652
658,BCUTpe-1l,2.236755475
659,BCUTare-1h,3.547852484
660,BCUTare-1l,2.185981832
661,BCUTp-1h,2.021683135
662,BCUTp-1l,0.7508081315
663,BCUTi-1h,14.56147488
664,BCUTi-1l,10.943128445
665,BalabanJ,1.415523255
666,SpAbs_DzZ,235.65510755000005
667,SpMax_DzZ,118.2257239
668,SpDiam_DzZ,178.0128394
669,SpAD_DzZ,236.82024975
670,SpMAD_DzZ,8.754772751
671,LogEE_DzZ,118.2257239
672,SM1_DzZ,1.523809524
673,VE1_DzZ,5.1153328195
674,VE2_DzZ,0.1891136755
675,VE3_DzZ,2.625530758
676,VR1_DzZ,166.6169015
677,VR2_DzZ,6.151594345
678,VR3_DzZ,6.1104897095
679,SpAbs_Dzm,236.3582044
680,SpMax_Dzm,118.7260476
681,SpDiam_Dzm,178.88120505
682,SpAD_Dzm,237.6056328
683,SpMAD_Dzm,8.789810695
684,LogEE_Dzm,118.7260476
685,SM1_Dzm,1.531328252
686,VE1_Dzm,5.1148821
687,VE2_Dzm,0.189084019
688,VE3_Dzm,2.625531908
689,VR1_Dzm,166.7157038
690,VR2_Dzm,6.1546732770000006
691,VR3_Dzm,6.1113271855
692,SpAbs_Dzv,296.1571657
693,SpMax_Dzv,146.9596912
694,SpDiam_Dzv,221.7091704
695,SpAD_Dzv,294.43954875
696,SpMAD_Dzv,10.91329153
697,LogEE_Dzv,146.9596912
698,SM1_Dzv,-2.222952656
699,VE1_Dzv,5.114119219
700,VE2_Dzv,0.189099747
701,VE3_Dzv,2.625256962
702,VR1_Dzv,166.8307917
703,VR2_Dzv,6.162708554
704,VR3_Dzv,6.1116338125
705,SpAbs_Dzse,240.157823
706,SpMax_Dzse,120.6531012
707,SpDiam_Dzse,181.0451173
708,SpAD_Dzse,241.30825785
709,SpMAD_Dzse,8.890487680500001
710,LogEE_Dzse,120.6531012
711,SM1_Dzse,1.23579456
712,VE1_Dzse,5.115887614
713,VE2_Dzse,0.1892196305
714,VE3_Dzse,2.625602689
715,VR1_Dzse,166.4832052
716,VR2_Dzse,6.148402559
717,VR3_Dzse,6.1096438125
718,SpAbs_Dzpe,238.3270596
719,SpMax_Dzpe,119.8244536
720,SpDiam_Dzpe,180.0966795
721,SpAD_Dzpe,239.6243887
722,SpMAD_Dzpe,8.8298708295
723,LogEE_Dzpe,119.8244536
724,SM1_Dzpe,1.323362913
725,VE1_Dzpe,5.1157599315
726,VE2_Dzpe,0.189212831
727,VE3_Dzpe,2.6255777305
728,VR1_Dzpe,166.477127
729,VR2_Dzpe,6.148754897
730,VR3_Dzpe,6.109776464
731,SpAbs_Dzare,235.8375013
732,SpMax_Dzare,118.5929391
733,SpDiam_Dzare,178.1956773
734,SpAD_Dzare,237.1200659
735,SpMAD_Dzare,8.74321354
736,LogEE_Dzare,118.5929391
737,SM1_Dzare,1.460751856
738,VE1_Dzare,5.1157865575
739,VE2_Dzare,0.1892199565
740,VE3_Dzare,2.6255829355
741,VR1_Dzare,166.4827327
742,VR2_Dzare,6.149334485
743,VR3_Dzare,6.110081377
744,SpAbs_Dzp,327.4662424
745,SpMax_Dzp,161.3935207
746,SpDiam_Dzp,243.3616684
747,SpAD_Dzp,324.2837788
748,SpMAD_Dzp,12.06944544
749,LogEE_Dzp,161.3935207
750,SM1_Dzp,-4.75549762
751,VE1_Dzp,5.110128936
752,VE2_Dzp,0.1887932005
753,VE3_Dzp,2.624476409
754,VR1_Dzp,167.53423650000002
755,VR2_Dzp,6.194045434
756,VR3_Dzp,6.116036913
757,SpAbs_Dzi,235.0898528
758,SpMax_Dzi,118.1283942
759,SpDiam_Dzi,177.0339689
760,SpAD_Dzi,236.2582865
761,SpMAD_Dzi,8.7253206275
762,LogEE_Dzi,118.1283942
763,SM1_Dzi,1.299382113
764,VE1_Dzi,5.1147650735
765,VE2_Dzi,0.1891736015
766,VE3_Dzi,2.6253832425
767,VR1_Dzi,166.6597304
768,VR2_Dzi,6.156907022
769,VR3_Dzi,6.110483729
770,BertzCT,945.4048732
771,nBonds,53.0
772,nBondsO,30.0
773,nBondsS,37.0
774,nBondsD,1.0
775,nBondsT,0.0
776,nBondsA,16.0
777,nBondsM,16.0
778,nBondsKS,45.0
779,nBondsKD,8.0
780,PNSA1,222.8806921
781,PNSA2,-490.1437371
782,PNSA3,-32.79962372
783,PNSA4,-10.134387115
784,PNSA5,-31.13295913
785,PPSA1,412.5843922
786,PPSA2,1095.2554
787,PPSA3,28.745033575
788,PPSA4,21.797752295
789,PPSA5,32.10980624
790,DPSA1,193.4008336
791,DPSA2,1616.8985280000002
792,DPSA3,63.0326463
793,DPSA4,32.54498268
794,DPSA5,63.52191741
795,FNSA1,0.351104124
796,FNSA2,-0.7871577745
797,FNSA3,-0.0518548515
798,FNSA4,-0.015870063
799,FNSA5,-0.0489790835
800,FPSA1,0.648895876
801,FPSA2,1.741849994
802,FPSA3,0.044055444
803,FPSA4,0.0334346225
804,FPSA5,0.049535378
805,WNSA1,137.65484700000002
806,WNSA2,-303.407771
807,WNSA3,-20.500008445
808,WNSA4,-6.3085401015
809,WNSA5,-19.30837902
810,WPSA1,258.5641345
811,WPSA2,685.6018098
812,WPSA3,18.11592323
813,WPSA4,13.668444815
814,WPSA5,20.088570375
815,RNCG,0.18834153
816,RPCG,0.112721045
817,RNCS,58.773864015
818,RPCS,56.088801775
819,TASA,529.6536484999999
820,TPSA,98.34092405
821,RASA,0.844258086
822,RPSA,0.155741914
823,C1SP1,0.0
824,C2SP1,0.0
825,C1SP2,2.0
826,C2SP2,9.0
827,C3SP2,2.0
828,C1SP3,3.0
829,C2SP3,2.0
830,C3SP3,0.0
831,C4SP3,0.0
832,HybRatio,0.346153846
833,FCSP3,0.344827586
834,Xch-3d,0.0
835,Xch-4d,0.0
836,Xch-5d,0.096225045
837,Xch-6d,0.382131042
838,Xch-7d,0.602367382
839,Xch-3dv,0.0
840,Xch-4dv,0.0
841,Xch-5dv,0.033333333
842,Xch-6dv,0.150616019
843,Xch-7dv,0.195861538
844,Xc-3d,1.895388386
845,Xc-4d,0.0
846,Xc-5d,0.44401831
847,Xc-6d,0.0
848,Xc-3dv,0.974748782
849,Xc-4dv,0.0
850,Xc-5dv,0.143169499
851,Xc-6dv,0.0
852,Xpc-4d,4.348146631
853,Xpc-5d,6.845507458
854,Xpc-6d,10.25898317
855,Xpc-4dv,1.925542336
856,Xpc-5dv,2.583127243
857,Xpc-6dv,3.241672377
858,Xp-0d,19.10408353
859,Xp-1d,13.09735679
860,Xp-2d,11.88939343
861,Xp-3d,9.927095757
862,Xp-4d,8.254847564
863,Xp-5d,6.594914872
864,Xp-6d,4.55501703
865,Xp-7d,3.282408128
866,AXp-0d,0.706906028
867,AXp-1d,0.440242624
868,AXp-2d,0.284897883
869,AXp-3d,0.1803345705
870,AXp-4d,0.114781933
871,AXp-5d,0.073751768
872,AXp-6d,0.047384675
873,AXp-7d,0.030468439
874,Xp-0dv,15.89133409
875,Xp-1dv,9.7230857285
876,Xp-2dv,7.617765697
877,Xp-3dv,5.508482861
878,Xp-4dv,3.9453317625
879,Xp-5dv,2.694321183
880,Xp-6dv,1.599084028
881,Xp-7dv,0.984882615
882,AXp-0dv,0.5885713754999999
883,AXp-1dv,0.3254874545
884,AXp-2dv,0.180479702
885,AXp-3dv,0.098995271
886,AXp-4dv,0.0544284335
887,AXp-5dv,0.030143381
888,AXp-6dv,0.016730418
889,AXp-7dv,0.0092357765
890,SZ,33.66666667
891,Sm,31.76588128
892,Sv,31.84746021
893,Sse,50.74872542
894,Spe,49.03921569
895,Sare,49.668
896,Sp,34.08612275
897,Si,57.07030035
898,MZ,0.668949772
899,Mm,0.631659761
900,Mv,0.634457092
901,Mse,1.00571672
902,Mpe,0.971526002
903,Mare,0.983806452
904,Mp,0.67631495
905,Mi,1.1296983775
906,SpAbs_Dt,552.5755379
907,SpMax_Dt,276.1417343
908,SpDiam_Dt,390.3761585
909,SpAD_Dt,552.5755379
910,SpMAD_Dt,20.24760888
911,LogEE_Dt,276.1417343
912,SM1_Dt,0.0
913,VE1_Dt,5.141413558
914,VE2_Dt,0.189986859
915,VE3_Dt,2.630579826
916,VR1_Dt,163.9452185
917,VR2_Dt,6.049612381
918,VR3_Dt,6.093944497
919,DetourIndex,3640.0
920,SpAbs_D,303.7946604
921,SpMax_D,151.8837815
922,SpDiam_D,225.8085927
923,SpAD_D,303.7946604
924,SpMAD_D,11.23373155
925,LogEE_D,151.8837815
926,VE1_D,5.116642037
927,VE2_D,0.189347938
928,VE3_D,2.625750145
929,VR1_D,166.5102838
930,VR2_D,6.146858728
931,VR3_D,6.109474011
932,NsLi,0.0
933,NssBe,0.0
934,NssssBe,0.0
935,NssBH,0.0
936,NsssB,0.0
937,NssssB,0.0
938,NsCH3,1.0
939,NdCH2,0.0
940,NssCH2,4.0
941,NtCH,0.0
942,NdsCH,0.0
943,NaaCH,7.0
944,NsssCH,1.0
945,NddC,0.0
946,NtsC,0.0
947,NdssC,1.0
948,NaasC,4.0
949,NaaaC,0.0
950,NssssC,0.0
951,NsNH3,0.0
952,NsNH2,0.0
953,NssNH2,0.0
954,NdNH,0.0
955,NssNH,1.0
956,NaaNH,0.0
957,NtN,0.0
958,NsssNH,0.0
959,NdsN,0.0
960,NaaN,1.0
961,NsssN,0.0
962,NddsN,0.0
963,NaasN,0.0
964,NssssN,0.0
965,NsOH,0.0
966,NdO,1.0
967,NssO,0.0
968,NaaO,0.0
969,NsF,0.0
970,NsSiH3,0.0
971,NssSiH2,0.0
972,NsssSiH,0.0
973,NssssSi,0.0
974,NsPH2,0.0
975,NssPH,0.0
976,NsssP,0.0
977,NdsssP,0.0
978,NsssssP,0.0
979,NsSH,0.0
980,NdS,0.0
981,NssS,0.0
982,NaaS,0.0
983,NdssS,0.0
984,NddssS,0.0
985,NsCl,0.0
986,NsGeH3,0.0
987,NssGeH2,0.0
988,NsssGeH,0.0
989,NssssGe,0.0
990,NsAsH2,0.0
991,NssAsH,0.0
992,NsssAs,0.0
993,NsssdAs,0.0
994,NsssssAs,0.0
995,NsSeH,0.0
996,NdSe,0.0
997,NssSe,0.0
998,NaaSe,0.0
999,NdssSe,0.0
1000,NddssSe,0.0
1001,NsBr,0.0
1002,NsSnH3,0.0
1003,NssSnH2,0.0
1004,NsssSnH,0.0
1005,NssssSn,0.0
1006,NsI,0.0
1007,NsPbH3,0.0
1008,NssPbH2,0.0
1009,NsssPbH,0.0
1010,NssssPb,0.0
1011,SsLi,0.0
1012,SssBe,0.0
1013,SssssBe,0.0
1014,SssBH,0.0
1015,SsssB,0.0
1016,SssssB,0.0
1017,SsCH3,2.093587963
1018,SdCH2,0.0
1019,SssCH2,2.553113168
1020,StCH,0.0
1021,SdsCH,0.0
1022,SaaCH,12.0006108
1023,SsssCH,0.0
1024,SddC,0.0
1025,StsC,0.0
1026,SdssC,0.0
1027,SaasC,2.80540155
1028,SaaaC,0.0
1029,SssssC,0.0
1030,SsNH3,0.0
1031,SsNH2,0.0
1032,SssNH2,0.0
1033,SdNH,0.0
1034,SssNH,1.983538045
1035,SaaNH,0.0
1036,StN,0.0
1037,SsssNH,0.0
1038,SdsN,0.0
1039,SaaN,4.072084938
1040,SsssN,0.0
1041,SddsN,0.0
1042,SaasN,0.0
1043,SssssN,0.0
1044,SsOH,0.0
1045,SdO,12.4791639
1046,SssO,0.0
1047,SaaO,0.0
1048,SsF,0.0
1049,SsSiH3,0.0
1050,SssSiH2,0.0
1051,SsssSiH,0.0
1052,SssssSi,0.0
1053,SsPH2,0.0
1054,SssPH,0.0
1055,SsssP,0.0
1056,SdsssP,0.0
1057,SsssssP,0.0
1058,SsSH,0.0
1059,SdS,0.0
1060,SssS,0.0
1061,SaaS,0.0
1062,SdssS,0.0
1063,SddssS,0.0
1064,SsCl,0.0
1065,SsGeH3,0.0
1066,SssGeH2,0.0
1067,SsssGeH,0.0
1068,SssssGe,0.0
1069,SsAsH2,0.0
1070,SssAsH,0.0
1071,SsssAs,0.0
1072,SsssdAs,0.0
1073,SsssssAs,0.0
1074,SsSeH,0.0
1075,SdSe,0.0
1076,SssSe,0.0
1077,SaaSe,0.0
1078,SdssSe,0.0
1079,SddssSe,0.0
1080,SsBr,0.0
1081,SsSnH3,0.0
1082,SssSnH2,0.0
1083,SsssSnH,0.0
1084,SssssSn,0.0
1085,SsI,0.0
1086,SsPbH3,0.0
1087,SssPbH2,0.0
1088,SsssPbH,0.0
1089,SssssPb,0.0
1090,MAXsCH3,1.967800772
1091,MAXssCH2,0.930138904
1092,MAXaaCH,1.982037037
1093,MAXaasC,1.0251480835
1094,MAXdO,12.69877387
1095,MINsCH3,1.793507181
1096,MINssCH2,0.456080802
1097,MINaaCH,1.677726337
1098,MINaasC,0.391539431
1099,MINdO,12.262588695
1100,ECIndex,636.0
1101,ETA_alpha,12.9
1102,AETA_alpha,0.475180375
1103,ETA_shape_p,0.1328125
1104,ETA_shape_y,0.319148936
1105,ETA_shape_x,0.0
1106,ETA_beta,34.0
1107,AETA_beta,1.236842105
1108,ETA_beta_s,17.5
1109,AETA_beta_s,0.644230769
1110,ETA_beta_ns,16.5
1111,AETA_beta_ns,0.588235294
1112,ETA_beta_ns_d,0.5
1113,AETA_beta_ns_d,0.025
1114,ETA_eta,23.682009880000003
1115,AETA_eta,0.8755164369999999
1116,ETA_eta_L,6.6293009815
1117,AETA_eta_L,0.2400380289999999
1118,ETA_eta_R,48.26914645
1119,AETA_eta_R,1.786901675
1120,ETA_eta_RL,13.09670211
1121,AETA_eta_RL,0.482861078
1122,ETA_eta_F,25.05351519
1123,AETA_eta_F,0.932405455
1124,ETA_eta_FL,6.604948767
1125,AETA_eta_FL,0.241143015
1126,ETA_eta_B,0.384203784
1127,AETA_eta_B,0.0142063
1128,ETA_eta_BR,0.702979312
1129,AETA_eta_BR,0.025808791
1130,ETA_dAlpha_A,0.0
1131,ETA_dAlpha_B,0.024358974
1132,ETA_epsilon_1,0.592462829
1133,ETA_epsilon_2,0.837229437
1134,ETA_epsilon_3,0.442372881
1135,ETA_epsilon_4,0.537931034
1136,ETA_epsilon_5,0.795035461
1137,ETA_dEpsilon_A,0.150266041
1138,ETA_dEpsilon_B,0.0531839575
1139,ETA_dEpsilon_C,-0.095313122
1140,ETA_dEpsilon_D,0.03947509
1141,ETA_dBeta,-1.75
1142,AETA_dBeta,-0.059210526
1143,ETA_psi_1,0.570274637
1144,ETA_dPsi_A,0.143725363
1145,ETA_dPsi_B,0.0
1146,fragCpx,184.05
1147,fMF,0.428571429
1148,GeomDiameter,14.67116895
1149,GeomRadius,7.9941286215
1150,GeomShapeIndex,0.854168542
1151,GeomPetitjeanIndex,0.460674703
1152,GRAV,5399.931572
1153,GRAVH,6068.218322
1154,GRAVp,2436.9242480000003
1155,GRAVHp,2678.083382
1156,nHBAcc,5.0
1157,nHBDon,2.0
1158,IC0,1.581890471
1159,IC1,3.539562787
1160,IC2,4.569870741
1161,IC3,5.065448372
1162,IC4,5.161882719
1163,IC5,5.178508855
1164,TIC0,78.88128991
1165,TIC1,177.1756681
1166,TIC2,230.1582028
1167,TIC3,254.6830345
1168,TIC4,259.7839174
1169,TIC5,260.4992626
1170,SIC0,0.277437916
1171,SIC1,0.623579379
1172,SIC2,0.809475651
1173,SIC3,0.899930215
1174,SIC4,0.917607801
1175,SIC5,0.92105569
1176,BIC0,0.264181315
1177,BIC1,0.593436603
1178,BIC2,0.771604277
1179,BIC3,0.858030494
1180,BIC4,0.875329927
1181,BIC5,0.879006479
1182,CIC0,4.085676945
1183,CIC1,2.127202424
1184,CIC2,1.075134927
1185,CIC3,0.569752254
1186,CIC4,0.473152115
1187,CIC5,0.450325833
1188,MIC0,16.08189153
1189,MIC1,34.2599367
1190,MIC2,40.40216593
1191,MIC3,41.97306478
1192,MIC4,42.26852579
1193,MIC5,42.34995106
1194,ZMIC0,89.98500184
1195,ZMIC1,47.23530071
1196,ZMIC2,31.22847525
1197,ZMIC3,26.88557324
1198,ZMIC4,26.14158972
1199,ZMIC5,25.99139654
1200,Kier1,20.87786961
1201,Kier2,9.42768595
1202,Kier3,5.05785124
1203,Lipinski,1.0
1204,GhoseFilter,1.0
1205,FilterItLogS,-5.465109108
1206,VMcGowan,283.1
1207,Mor01,1225.0
1208,Mor02,41.43681084
1209,Mor03,-6.4705454945
1210,Mor04,3.110090499
1211,Mor05,-7.446475057
1212,Mor06,-3.25450623
1213,Mor07,4.6127824195
1214,Mor08,0.964467184
1215,Mor09,-0.0989176475
1216,Mor10,-0.146399259
1217,Mor11,-0.3371478025
1218,Mor12,-1.6620745105
1219,Mor13,0.337846923
1220,Mor14,1.2011660345
1221,Mor15,0.5132277175
1222,Mor16,0.5030300635
1223,Mor17,-1.2369876865
1224,Mor18,-2.0576261545
1225,Mor19,1.372662647
1226,Mor20,2.1514766855
1227,Mor21,-1.156610571
1228,Mor22,0.0255316485
1229,Mor23,-1.167338729
1230,Mor24,-0.101044732
1231,Mor25,1.1526031605
1232,Mor26,0.279992889
1233,Mor27,-0.163033175
1234,Mor28,-0.468310204
1235,Mor29,-0.44690363
1236,Mor30,0.1188333725
1237,Mor31,0.828200973
1238,Mor32,-0.1923173305
1239,Mor01m,485.7341429
1240,Mor02m,23.89218922
1241,Mor03m,-3.8335331195
1242,Mor04m,-0.830747715
1243,Mor05m,-4.9283093545
1244,Mor06m,1.9208152945
1245,Mor07m,4.114239854499999
1246,Mor08m,-2.370397229
1247,Mor09m,-1.6038648285
1248,Mor10m,0.9315914775
1249,Mor11m,0.669489257
1250,Mor12m,0.715319437
1251,Mor13m,-1.409579316
1252,Mor14m,-0.469707287
1253,Mor15m,1.228598859
1254,Mor16m,0.013762417
1255,Mor17m,-0.046033047
1256,Mor18m,-0.955410357
1257,Mor19m,0.305791136
1258,Mor20m,0.818421818
1259,Mor21m,-0.352636417
1260,Mor22m,-0.1267030264999999
1261,Mor23m,-0.3567334195
1262,Mor24m,0.235039029
1263,Mor25m,0.346789552
1264,Mor26m,-0.177583049
1265,Mor27m,-0.183451991
1266,Mor28m,-0.008179946
1267,Mor29m,0.096913175
1268,Mor30m,0.1185926725
1269,Mor31m,-0.033211034
1270,Mor32m,-0.2347278414999999
1271,Mor01v,493.6002346
1272,Mor02v,23.28924199
1273,Mor03v,-3.060732401
1274,Mor04v,-0.186319701
1275,Mor05v,-4.557714877
1276,Mor06v,0.517083612
1277,Mor07v,3.5760860105
1278,Mor08v,-1.2564367989999998
1279,Mor09v,-1.095333553
1280,Mor10v,0.5311302255
1281,Mor11v,0.55065908
1282,Mor12v,-0.085786616
1283,Mor13v,-0.859483734
1284,Mor14v,0.07503424
1285,Mor15v,0.897789806
1286,Mor16v,0.042299481
1287,Mor17v,-0.341679628
1288,Mor18v,-0.985626141
1289,Mor19v,0.51947308
1290,Mor20v,0.905753492
1291,Mor21v,-0.439551614
1292,Mor22v,-0.0725212155
1293,Mor23v,-0.515362442
1294,Mor24v,0.1293421555
1295,Mor25v,0.4987204795
1296,Mor26v,-0.0401584185
1297,Mor27v,-0.1833787224999999
1298,Mor28v,-0.102722944
1299,Mor29v,-0.023981203
1300,Mor30v,0.1084750375
1301,Mor31v,0.168429261
1302,Mor32v,-0.215870177
1303,Mor01se,1261.765082
1304,Mor02se,42.10789169
1305,Mor03se,-6.843173679
1306,Mor04se,3.202033677
1307,Mor05se,-7.714090486
1308,Mor06se,-3.066108171
1309,Mor07se,4.967604652
1310,Mor08se,0.756627317
1311,Mor09se,-0.366287342
1312,Mor10se,-0.047711247
1313,Mor11se,-0.167040369
1314,Mor12se,-1.532185317
1315,Mor13se,0.148329873
1316,Mor14se,1.065042918
1317,Mor15se,0.633463164
1318,Mor16se,0.475256801
1319,Mor17se,-1.128839551
1320,Mor18se,-2.066282701
1321,Mor19se,1.268264805
1322,Mor20se,2.1299343
1323,Mor21se,-1.099180082
1324,Mor22se,0.012954282
1325,Mor23se,-1.130494095
1326,Mor24se,-0.103635733
1327,Mor25se,1.122435265
1328,Mor26se,0.259047002
1329,Mor27se,-0.18737981
1330,Mor28se,-0.427711079
1331,Mor29se,-0.374294343
1332,Mor30se,0.095047094
1333,Mor31se,0.758824412
1334,Mor32se,-0.194642661
1335,Mor01p,566.668225
1336,Mor02p,24.934244895
1337,Mor03p,-3.1391137145
1338,Mor04p,0.2062638455
1339,Mor05p,-4.7317696090000005
1340,Mor06p,-0.1012784885
1341,Mor07p,3.401270274
1342,Mor08p,-0.7124648565
1343,Mor09p,-0.825045217
1344,Mor10p,0.331183531
1345,Mor11p,0.4330209825
1346,Mor12p,-0.495052328
1347,Mor13p,-0.5490153555
1348,Mor14p,0.3291601955
1349,Mor15p,0.764710734
1350,Mor16p,0.096378063
1351,Mor17p,-0.528889832
1352,Mor18p,-1.0876436175
1353,Mor19p,0.679384623
1354,Mor20p,1.054619635
1355,Mor21p,-0.537465992
1356,Mor22p,-0.056850272
1357,Mor23p,-0.628715293
1358,Mor24p,0.0944488505
1359,Mor25p,0.615789194
1360,Mor26p,0.017318786
1361,Mor27p,-0.1745624085
1362,Mor28p,-0.1638919515
1363,Mor29p,-0.1142253095
1364,Mor30p,0.1028857325
1365,Mor31p,0.3084490215
1366,Mor32p,-0.2043114835
1367,LabuteASA,160.0236913
1368,PEOE_VSA1,14.79051451
1369,PEOE_VSA2,4.794537184
1370,PEOE_VSA3,4.983978521
1371,PEOE_VSA4,0.0
1372,PEOE_VSA5,0.0
1373,PEOE_VSA6,23.73367403
1374,PEOE_VSA7,37.08258528
1375,PEOE_VSA8,23.6978174
1376,PEOE_VSA9,18.02611394
1377,PEOE_VSA10,11.34326756
1378,PEOE_VSA11,0.0
1379,PEOE_VSA12,0.0
1380,PEOE_VSA13,0.0
1381,SMR_VSA1,14.43130987
1382,SMR_VSA2,0.0
1383,SMR_VSA3,9.967957042
1384,SMR_VSA4,0.0
1385,SMR_VSA5,26.31013685
1386,SMR_VSA6,17.98942254
1387,SMR_VSA7,57.90713023
1388,SMR_VSA8,0.0
1389,SMR_VSA9,5.749511833
1390,SlogP_VSA1,10.47053043
1391,SlogP_VSA2,35.45568551
1392,SlogP_VSA3,10.91316147
1393,SlogP_VSA4,5.817220841
1394,SlogP_VSA5,26.49251536
1395,SlogP_VSA6,42.85599899
1396,SlogP_VSA7,0.0
1397,SlogP_VSA8,10.57107519
1398,SlogP_VSA9,0.0
1399,SlogP_VSA10,5.687386275
1400,SlogP_VSA11,0.0
1401,EState_VSA1,5.538925252
1402,EState_VSA2,11.72440057
1403,EState_VSA3,17.16874381
1404,EState_VSA4,24.94985114
1405,EState_VSA5,12.13273414
1406,EState_VSA6,12.13273414
1407,EState_VSA7,19.05647134
1408,EState_VSA8,20.8422406
1409,EState_VSA9,6.10762151
1410,EState_VSA10,9.184952232
1411,VSA_EState1,0.0
1412,VSA_EState2,0.0
1413,VSA_EState3,0.0
1414,VSA_EState4,0.0
1415,VSA_EState5,0.0
1416,VSA_EState6,0.0
1417,VSA_EState7,0.0
1418,VSA_EState8,1.87028271
1419,VSA_EState9,50.44533803
1420,MDEC-12,2.840290069
1421,MDEC-13,2.564954975
1422,MDEC-22,11.69860279
1423,MDEC-23,18.46167546
1424,MDEC-33,6.776254943
1425,MDEN-22,0.877205321
1426,MID,55.5649665
1427,AMID,2.042012178
1428,MID_h,13.56169537
1429,AMID_h,0.49404179
1430,MID_C,41.98709764
1431,AMID_C,1.546810213
1432,MID_N,6.550659354
1433,AMID_N,0.25518848
1434,MID_O,3.795506092
1435,AMID_O,0.146986774
1436,MID_X,0.0
1437,AMID_X,0.0
1438,MOMI-X,7519.421698
1439,MOMI-Y,6453.171208
1440,MOMI-Z,1622.609202
1441,PBF,0.9340550445
1442,MPC2,42.0
1443,MPC3,56.0
1444,MPC4,73.0
1445,MPC5,90.0
1446,MPC6,97.0
1447,MPC7,109.0
1448,MPC8,119.0
1449,MPC9,125.0
1450,MPC10,127.0
1451,TMPC10,897.0
1452,piPC1,3.676300672
1453,piPC2,4.280132327
1454,piPC3,4.839253677
1455,piPC4,5.396181101
1456,piPC5,5.888877958
1457,piPC6,6.11782183
1458,piPC7,6.458326038
1459,piPC8,6.760627407
1460,piPC9,6.959947388
1461,piPC10,7.135581599
1462,TpiPC10,8.547539002
1463,apol,56.923825
1464,bpol,30.5301225
1465,nRing,4.0
1466,n3Ring,0.0
1467,n4Ring,0.0
1468,n5Ring,1.0
1469,n6Ring,3.0
1470,n7Ring,0.0
1471,n8Ring,0.0
1472,n9Ring,0.0
1473,n10Ring,0.0
1474,n11Ring,0.0
1475,n12Ring,0.0
1476,nG12Ring,0.0
1477,nHRing,2.0
1478,n3HRing,0.0
1479,n4HRing,0.0
1480,n5HRing,1.0
1481,n6HRing,1.0
1482,n7HRing,0.0
1483,n8HRing,0.0
1484,n9HRing,0.0
1485,n10HRing,0.0
1486,n11HRing,0.0
1487,n12HRing,0.0
1488,nG12HRing,0.0
1489,naRing,3.0
1490,n3aRing,0.0
1491,n4aRing,0.0
1492,n5aRing,1.0
1493,n6aRing,2.0
1494,n7aRing,0.0
1495,n8aRing,0.0
1496,n9aRing,0.0
1497,n10aRing,0.0
1498,n11aRing,0.0
1499,n12aRing,0.0
1500,nG12aRing,0.0
1501,naHRing,1.0
1502,n3aHRing,0.0
1503,n4aHRing,0.0
1504,n5aHRing,1.0
1505,n6aHRing,0.0
1506,n7aHRing,0.0
1507,n8aHRing,0.0
1508,n9aHRing,0.0
1509,n10aHRing,0.0
1510,n11aHRing,0.0
1511,n12aHRing,0.0
1512,nG12aHRing,0.0
1513,nARing,1.0
1514,n3ARing,0.0
1515,n4ARing,0.0
1516,n5ARing,0.0
1517,n6ARing,0.0
1518,n7ARing,0.0
1519,n8ARing,0.0
1520,n9ARing,0.0
1521,n10ARing,0.0
1522,n11ARing,0.0
1523,n12ARing,0.0
1524,nG12ARing,0.0
1525,nAHRing,1.0
1526,n3AHRing,0.0
1527,n4AHRing,0.0
1528,n5AHRing,0.0
1529,n6AHRing,0.0
1530,n7AHRing,0.0
1531,n8AHRing,0.0
1532,n9AHRing,0.0
1533,n10AHRing,0.0
1534,n11AHRing,0.0
1535,n12AHRing,0.0
1536,nG12AHRing,0.0
1537,nFRing,1.0
1538,n4FRing,0.0
1539,n5FRing,0.0
1540,n6FRing,0.0
1541,n7FRing,0.0
1542,n8FRing,0.0
1543,n9FRing,0.0
1544,n10FRing,0.0
1545,n11FRing,0.0
1546,n12FRing,0.0
1547,nG12FRing,0.0
1548,nFHRing,1.0
1549,n4FHRing,0.0
1550,n5FHRing,0.0
1551,n6FHRing,0.0
1552,n7FHRing,0.0
1553,n8FHRing,0.0
1554,n9FHRing,0.0
1555,n10FHRing,0.0
1556,n11FHRing,0.0
1557,n12FHRing,0.0
1558,nG12FHRing,0.0
1559,nFaRing,0.0
1560,n4FaRing,0.0
1561,n5FaRing,0.0
1562,n6FaRing,0.0
1563,n7FaRing,0.0
1564,n8FaRing,0.0
1565,n9FaRing,0.0
1566,n10FaRing,0.0
1567,n11FaRing,0.0
1568,n12FaRing,0.0
1569,nG12FaRing,0.0
1570,nFaHRing,0.0
1571,n4FaHRing,0.0
1572,n5FaHRing,0.0
1573,n6FaHRing,0.0
1574,n7FaHRing,0.0
1575,n8FaHRing,0.0
1576,n9FaHRing,0.0
1577,n10FaHRing,0.0
1578,n11FaHRing,0.0
1579,n12FaHRing,0.0
1580,nG12FaHRing,0.0
1581,nFARing,0.0
1582,n4FARing,0.0
1583,n5FARing,0.0
1584,n6FARing,0.0
1585,n7FARing,0.0
1586,n8FARing,0.0
1587,n9FARing,0.0
1588,n10FARing,0.0
1589,n11FARing,0.0
1590,n12FARing,0.0
1591,nG12FARing,0.0
1592,nFAHRing,0.0
1593,n4FAHRing,0.0
1594,n5FAHRing,0.0
1595,n6FAHRing,0.0
1596,n7FAHRing,0.0
1597,n8FAHRing,0.0
1598,n9FAHRing,0.0
1599,n10FAHRing,0.0
1600,n11FAHRing,0.0
1601,n12FAHRing,0.0
1602,nG12FAHRing,0.0
1603,nRot,5.0
1604,RotRatio,0.171428571
1605,SLogP,2.8269
1606,SMR,104.2934
1607,TopoPSA(NO),75.36
1608,TopoPSA,82.51
1609,GGI1,5.5
1610,GGI2,3.333333333
1611,GGI3,2.041666667
1612,GGI4,1.567222222
1613,GGI5,0.945
1614,GGI6,0.588752834
1615,GGI7,0.388888889
1616,GGI8,0.254472159
1617,GGI9,0.172816358
1618,GGI10,0.115600449
1619,JGI1,0.19047619
1620,JGI2,0.078078078
1621,JGI3,0.047032828
1622,JGI4,0.040121766
1623,JGI5,0.025793651
1624,JGI6,0.017778941
1625,JGI7,0.013463719
1626,JGI8,0.010241554
1627,JGI9,0.008148148
1628,JGI10,0.006591164
1629,JGT10,0.441024001
1630,Diameter,14.0
1631,Radius,7.0
1632,TopoShapeIndex,0.923076923
1633,PetitjeanIndex,0.48
1634,Vabc,337.5493949
1635,VAdjMat,5.906890596
1636,MWC01,30.0
1637,MWC02,4.976733742
1638,MWC03,5.831882477
1639,MWC04,6.717804695
1640,MWC05,7.596392304
1641,MWC06,8.490643856
1642,MWC07,9.373224235
1643,MWC08,10.2676097
1644,MWC09,11.15555028
1645,MWC10,12.05258924
1646,TMWC10,133.1653799
1647,SRW02,4.110873864
1648,SRW03,0.0
1649,SRW04,5.433722004
1650,SRW05,2.397895273
1651,SRW06,6.961296046
1652,SRW07,4.727387819
1653,SRW08,8.579040595
1654,SRW09,6.823286122
1655,SRW10,10.24434303
1656,TSRW10,74.57136281
1657,MW,381.191323
1658,AMW,7.580184766
1659,WPath,1984.0
1660,WPol,43.0
1661,Zagreb1,144.0
1662,Zagreb2,170.0
1663,mZagreb1,8.395833333
1664,mZagreb2,5.944444444
